{"cameraMode":{"drawMode":0,"name":"Shaded","section":"Shading Mode"},"sceneLighting":false,"audioPlay":false,"sceneViewState":{"m_AlwaysRefresh":false,"showFog":true,"showSkybox":false,"showFlares":true,"showImageEffects":true,"showParticleSystems":true,"showVisualEffectGraphs":true,"m_FxEnabled":true},"in2DMode":false,"pivot":{"x":-0.002158626914024353,"y":0.3654938340187073,"z":0.021861761808395387},"rotation":{"x":-0.09608633816242218,"y":0.853817880153656,"z":-0.16996289789676667,"w":-0.48263317346572878},"size":0.4041918218135834,"orthographic":false}