{"cameraMode":{"drawMode":0,"name":"Shaded","section":"Shading Mode"},"sceneLighting":false,"audioPlay":false,"sceneViewState":{"m_AlwaysRefresh":false,"showFog":true,"showSkybox":false,"showFlares":true,"showImageEffects":true,"showParticleSystems":true,"showVisualEffectGraphs":true,"m_FxEnabled":true},"in2DMode":false,"pivot":{"x":0.21057665348052979,"y":1.0459295511245728,"z":4.331207752227783},"rotation":{"x":-0.0502249039709568,"y":0.901252806186676,"z":-0.10867022722959519,"w":-0.41648656129837038},"size":0.7518234848976135,"orthographic":false}