{"cameraMode":{"drawMode":0,"name":"Shaded","section":"Shading Mode"},"sceneLighting":true,"audioPlay":false,"sceneViewState":{"m_AlwaysRefresh":false,"showFog":true,"showSkybox":true,"showFlares":true,"showImageEffects":true,"showParticleSystems":true,"showVisualEffectGraphs":true,"m_FxEnabled":true},"in2DMode":false,"pivot":{"x":-0.5492739081382752,"y":1.9554142951965333,"z":2.082836151123047},"rotation":{"x":0.06745762377977371,"y":0.001488447654992342,"z":0.00015462205919902772,"w":0.9978600144386292},"size":4.201778411865234,"orthographic":false}