{"cameraMode":{"drawMode":0,"name":"Shaded","section":"Shading Mode"},"sceneLighting":true,"audioPlay":false,"sceneViewState":{"m_AlwaysRefresh":false,"showFog":true,"showSkybox":true,"showFlares":true,"showImageEffects":true,"showParticleSystems":true,"showVisualEffectGraphs":true,"m_FxEnabled":true},"in2DMode":false,"pivot":{"x":0.45947837829589846,"y":1.2237632274627686,"z":0.08972255885601044},"rotation":{"x":0.12801960110664369,"y":-0.6176589131355286,"z":0.10294339805841446,"w":0.7692843675613403},"size":0.44219452142715456,"orthographic":false}