{"cameraMode":{"drawMode":0,"name":"Shaded","section":"Shading Mode"},"sceneLighting":true,"audioPlay":false,"sceneViewState":{"m_AlwaysRefresh":false,"showFog":true,"showSkybox":true,"showFlares":true,"showImageEffects":true,"showParticleSystems":true,"showVisualEffectGraphs":true,"m_FxEnabled":true},"in2DMode":false,"pivot":{"x":-1.123460292816162,"y":0.20357942581176759,"z":-0.293658971786499},"rotation":{"x":0.18188457190990449,"y":-0.17741048336029054,"z":0.03356040269136429,"w":0.9667478203773499},"size":7.313624382019043,"orthographic":false}