{"cameraMode":{"drawMode":0,"name":"Shaded","section":"Shading Mode"},"sceneLighting":false,"audioPlay":false,"sceneViewState":{"m_AlwaysRefresh":false,"showFog":true,"showSkybox":false,"showFlares":true,"showImageEffects":true,"showParticleSystems":true,"showVisualEffectGraphs":true,"m_FxEnabled":true},"in2DMode":false,"pivot":{"x":4.180276870727539,"y":1.3522799015045167,"z":0.9118980169296265},"rotation":{"x":-0.03354939445853233,"y":0.964082658290863,"z":-0.21761372685432435,"w":-0.14865772426128388},"size":1.1556059122085572,"orthographic":false}